transcription_factor	no_search_sites	no_background_sites	sum_search_sites	sum_background_sites	no_gene_sites	wilcox_pval	wilcox_adjusted
CPEB1_01	394	355	1246	982	522	0.00012790346486408	0.0117884360116394
FOXC1_Q4	385	359	1262	1015	522	0.000320655508954193	0.0221653120564586
FOXJ2_02	405	360	1835	1427	522	4.996107891468e-05	0.00690711915995451
HNF3B_01	369	318	1231	923	522	5.12249963727345e-06	0.00141637114970611
HOXD13_01	328	278	734	568	522	4.89496164628127e-05	0.00690711915995451
IRF4_Q5	142	95	195	110	522	8.26555841152182e-05	0.00914170760314313
NKX62_Q2	358	298	1114	896	522	0.000297062196771614	0.0221653120564586
TEF3_Q3	450	410	2441	1883	522	1.22112950327879e-06	0.00067528461531317
