transcription_factor	no_search_sites	no_background_sites	sum_search_sites	sum_background_sites	no_gene_sites	wilcox_pval	wilcox_adjusted
CPEB1_01	406	440	1006	1258	617	0.000167857243997416	0.0464125279652854
DLX3_01	362	403	976	1314	617	0.000297757135151946	0.0474212301692711
EVX2_03	532	523	2546	3223	617	0.000442233201761693	0.0474212301692711
FOXJ2_02	402	437	1368	1909	617	5.23798789091499e-05	0.0289660730367599
LHX3_01	289	334	1036	1369	617	0.000472384108415618	0.0474212301692711
MEIS1DLX3_01	16	40	17	43	617	0.000514516059702761	0.0474212301692711
