transcription_factor	no_search_sites	no_background_sites	sum_search_sites	sum_background_sites	no_gene_sites	wilcox_pval	wilcox_adjusted
CPEB1_01	649	691	1679	1964	978	0.000386638675011601	0.042762237456283
HOXD10_Q2	234	311	346	564	978	1.13340169552194e-05	0.00626771137623632
HOXD9_Q2	484	537	804	1046	978	0.000226499953645968	0.0374953835898161
MEF2_04	350	420	541	677	978	0.000271214347846771	0.0374953835898161
MSX2_Q3	864	870	3100	3507	978	0.00018797836743327	0.0374953835898161
